Angle: 209.72442533083532, Shoulder: (0.6243964433670044, 0.3311811685562134), Elbow: (0.7901942133903503, 0.49107399582862854), Wrist: (0.871833086013794, 0.7699993848800659)
Angle: 201.67111647067634, Shoulder: (0.6214525103569031, 0.31437331438064575), Elbow: (0.7781002521514893, 0.497493714094162), Wrist: (0.8715049624443054, 0.7707149982452393)
Angle: 199.1352403250517, Shoulder: (0.6189497709274292, 0.3049314320087433), Elbow: (0.7756701707839966, 0.5007106065750122), Wrist: (0.8715054392814636, 0.7707136273384094)
Angle: 195.2290445159124, Shoulder: (0.6191099882125854, 0.3071328103542328), Elbow: (0.7725380659103394, 0.517479658126831), Wrist: (0.8697354197502136, 0.7723057866096497)
Angle: 190.4827779190521, Shoulder: (0.6313703656196594, 0.30769696831703186), Elbow: (0.7741574645042419, 0.534723162651062), Wrist: (0.8700109720230103, 0.7757775783538818)
Angle: 191.6294237587766, Shoulder: (0.6306887269020081, 0.30321431159973145), Elbow: (0.7749369144439697, 0.5287355780601501), Wrist: (0.8700136542320251, 0.776749849319458)
Angle: 191.36091779479278, Shoulder: (0.65018230676651, 0.34521687030792236), Elbow: (0.7748068571090698, 0.5383692979812622), Wrist: (0.8700301647186279, 0.7804827094078064)
Angle: 194.11812748572947, Shoulder: (0.65511554479599, 0.3558114767074585), Elbow: (0.7788978219032288, 0.5352873206138611), Wrist: (0.871224582195282, 0.7825497388839722)
Angle: 193.3312292449705, Shoulder: (0.6583190560340881, 0.35990533232688904), Elbow: (0.7783728837966919, 0.538804829120636), Wrist: (0.8695768713951111, 0.7823121547698975)
Angle: 193.46648601780126, Shoulder: (0.6624863743782043, 0.3625970482826233), Elbow: (0.7814225554466248, 0.5416263341903687), Wrist: (0.8695906400680542, 0.7821515202522278)
Angle: 233.48657130283254, Shoulder: (0.6724382638931274, 0.3656750023365021), Elbow: (0.8643801808357239, 0.5023621320724487), Wrist: (0.8695301413536072, 0.7813012599945068)
Angle: 216.87412685109533, Shoulder: (0.6806650161743164, 0.3688810169696808), Elbow: (0.8495157361030579, 0.5553781986236572), Wrist: (0.8703925013542175, 0.7811546921730042)
Angle: 199.3646918997718, Shoulder: (0.6795036196708679, 0.3731294274330139), Elbow: (0.8140134215354919, 0.5704907178878784), Wrist: (0.8693556189537048, 0.7783164381980896)
Angle: 232.19443905478866, Shoulder: (0.6854707598686218, 0.3713490664958954), Elbow: (0.8688573241233826, 0.5132646560668945), Wrist: (0.8691844940185547, 0.7784271836280823)
Angle: 244.28970621586484, Shoulder: (0.6909084916114807, 0.37231817841529846), Elbow: (0.8908560872077942, 0.48750585317611694), Wrist: (0.8693133592605591, 0.7783949375152588)
Angle: 249.43593795350313, Shoulder: (0.6934906840324402, 0.372511625289917), Elbow: (0.8963663578033447, 0.4696003496646881), Wrist: (0.8693189024925232, 0.7781355381011963)
Angle: 252.07872762721004, Shoulder: (0.6954271197319031, 0.37249213457107544), Elbow: (0.899072527885437, 0.46022161841392517), Wrist: (0.8692035675048828, 0.777094841003418)
Angle: 251.52420084383783, Shoulder: (0.694332480430603, 0.37160971760749817), Elbow: (0.8999933004379272, 0.4637725353240967), Wrist: (0.8690871596336365, 0.7754601240158081)
Angle: 252.35972456958493, Shoulder: (0.6947693824768066, 0.37096214294433594), Elbow: (0.9021747708320618, 0.46189388632774353), Wrist: (0.8690322637557983, 0.775455892086029)
Angle: 252.76443387299912, Shoulder: (0.7001246213912964, 0.36276182532310486), Elbow: (0.9094191193580627, 0.45827487111091614), Wrist: (0.8690300583839417, 0.7738072872161865)
Angle: 252.60954774084846, Shoulder: (0.7011220455169678, 0.3609005808830261), Elbow: (0.9110572934150696, 0.4588281810283661), Wrist: (0.8690016865730286, 0.773309051990509)
Angle: 250.59917341186514, Shoulder: (0.7010115385055542, 0.3530842661857605), Elbow: (0.9105223417282104, 0.45907846093177795), Wrist: (0.8695076107978821, 0.7733879685401917)
Angle: 248.98278426813542, Shoulder: (0.7008067965507507, 0.34873852133750916), Elbow: (0.9092267155647278, 0.459412157535553), Wrist: (0.870948076248169, 0.7733563184738159)
Angle: 247.3371709831522, Shoulder: (0.7008397579193115, 0.34536826610565186), Elbow: (0.9073339700698853, 0.46034562587738037), Wrist: (0.8720334768295288, 0.7727662920951843)
Angle: 245.74599885012424, Shoulder: (0.7017697691917419, 0.33944761753082275), Elbow: (0.9066160321235657, 0.4600580930709839), Wrist: (0.872505784034729, 0.7722742557525635)
Angle: 245.27368833362348, Shoulder: (0.7023665904998779, 0.3379383385181427), Elbow: (0.9066771268844604, 0.4606335461139679), Wrist: (0.8724900484085083, 0.7722963094711304)
Angle: 244.33467874689168, Shoulder: (0.7031832337379456, 0.33485791087150574), Elbow: (0.9063372611999512, 0.4611855447292328), Wrist: (0.8724514842033386, 0.7726364731788635)
Angle: 243.9723011706049, Shoulder: (0.7029120326042175, 0.3335098624229431), Elbow: (0.9054328203201294, 0.4603957235813141), Wrist: (0.872435450553894, 0.7722095251083374)
Angle: 243.25759679703086, Shoulder: (0.7062100768089294, 0.3338606357574463), Elbow: (0.9045682549476624, 0.46058833599090576), Wrist: (0.8728023767471313, 0.7716209292411804)
Angle: 243.84632929667615, Shoulder: (0.7068868279457092, 0.33415594696998596), Elbow: (0.9041387438774109, 0.4566308259963989), Wrist: (0.8727959394454956, 0.7716064453125)
Angle: 245.24977915517195, Shoulder: (0.707410454750061, 0.3335576355457306), Elbow: (0.9052079916000366, 0.4507991671562195), Wrist: (0.8725147247314453, 0.7668154239654541)
Angle: 246.47655430552786, Shoulder: (0.7089871764183044, 0.33313000202178955), Elbow: (0.9086413979530334, 0.4491560757160187), Wrist: (0.871763288974762, 0.7659986615180969)
Angle: 246.52793721416984, Shoulder: (0.7108709216117859, 0.3321308493614197), Elbow: (0.9097280502319336, 0.44829869270324707), Wrist: (0.8717583417892456, 0.7657586932182312)
Angle: 246.71152737100752, Shoulder: (0.7131352424621582, 0.3312995135784149), Elbow: (0.9115037322044373, 0.44794562458992004), Wrist: (0.8714737892150879, 0.766234815120697)
Angle: 246.67264768115317, Shoulder: (0.7136229276657104, 0.3313380479812622), Elbow: (0.911544144153595, 0.4481922686100006), Wrist: (0.8710755109786987, 0.7671653032302856)
Angle: 246.58997476174608, Shoulder: (0.7145035266876221, 0.33114364743232727), Elbow: (0.9119418263435364, 0.44842827320098877), Wrist: (0.8704808354377747, 0.7720087766647339)
Angle: 246.67347418359074, Shoulder: (0.7146781086921692, 0.33100268244743347), Elbow: (0.9120986461639404, 0.44861653447151184), Wrist: (0.8697865009307861, 0.7718413472175598)
Angle: 246.78948422647557, Shoulder: (0.7151286005973816, 0.33070874214172363), Elbow: (0.9120612144470215, 0.44867244362831116), Wrist: (0.8683972358703613, 0.7711383104324341)
Angle: 245.50862983756284, Shoulder: (0.7156711220741272, 0.3307769000530243), Elbow: (0.9077263474464417, 0.44873377680778503), Wrist: (0.8679977655410767, 0.7692384719848633)
Angle: 245.0317001430681, Shoulder: (0.7158627510070801, 0.33112600445747375), Elbow: (0.9062656164169312, 0.44942691922187805), Wrist: (0.8679561018943787, 0.7666882276535034)
Angle: 244.19231192580895, Shoulder: (0.7165445685386658, 0.3321506381034851), Elbow: (0.9047900438308716, 0.4529678225517273), Wrist: (0.8671930432319641, 0.7643395066261292)
Angle: 243.74346395050316, Shoulder: (0.7185227274894714, 0.332829087972641), Elbow: (0.9046259522438049, 0.4543752074241638), Wrist: (0.8672834634780884, 0.7632972598075867)
Angle: 243.1945989524935, Shoulder: (0.7192899584770203, 0.33285123109817505), Elbow: (0.9037396907806396, 0.45557862520217896), Wrist: (0.8669725060462952, 0.7624043822288513)
Angle: 242.4373309364955, Shoulder: (0.719850480556488, 0.3333696126937866), Elbow: (0.9019215703010559, 0.45653071999549866), Wrist: (0.8672084212303162, 0.7605659365653992)
Angle: 241.82370535010594, Shoulder: (0.720216691493988, 0.33336812257766724), Elbow: (0.9002083539962769, 0.4565012753009796), Wrist: (0.8673783540725708, 0.7587103843688965)
Angle: 241.31022062516922, Shoulder: (0.7201766967773438, 0.3327973783016205), Elbow: (0.8988675475120544, 0.45612800121307373), Wrist: (0.8677975535392761, 0.7555966973304749)
Angle: 240.88108832695715, Shoulder: (0.7201170921325684, 0.331786572933197), Elbow: (0.8984549641609192, 0.4547887444496155), Wrist: (0.8699361085891724, 0.7522924542427063)
Angle: 240.1893853018987, Shoulder: (0.720157265663147, 0.3300974667072296), Elbow: (0.8971966505050659, 0.45483818650245667), Wrist: (0.8694907426834106, 0.750266969203949)
Angle: 239.0197604162867, Shoulder: (0.7201210856437683, 0.3244574964046478), Elbow: (0.8953627943992615, 0.45305654406547546), Wrist: (0.8680998682975769, 0.7473663091659546)
Angle: 238.79983307401397, Shoulder: (0.7197331190109253, 0.32090696692466736), Elbow: (0.8938026428222656, 0.44842326641082764), Wrist: (0.8681229948997498, 0.7404850721359253)
Angle: 239.52895824939225, Shoulder: (0.7197127342224121, 0.3207497298717499), Elbow: (0.8932226300239563, 0.44400715827941895), Wrist: (0.8681527376174927, 0.7353553175926208)
Angle: 238.82221212872423, Shoulder: (0.7211534976959229, 0.32057586312294006), Elbow: (0.8925444483757019, 0.4443017244338989), Wrist: (0.8688392043113708, 0.7359089255332947)
Angle: 238.34603342228698, Shoulder: (0.7216530442237854, 0.32073500752449036), Elbow: (0.8926791548728943, 0.4448228180408478), Wrist: (0.8707075715065002, 0.7364395260810852)
Angle: 237.0610858840621, Shoulder: (0.7232701778411865, 0.32078731060028076), Elbow: (0.892769455909729, 0.4489468038082123), Wrist: (0.8717140555381775, 0.7388359308242798)
Angle: 235.98174447324166, Shoulder: (0.7264436483383179, 0.32091695070266724), Elbow: (0.894249677658081, 0.45400431752204895), Wrist: (0.8720777034759521, 0.7421703934669495)
Angle: 236.01312401762746, Shoulder: (0.7280247807502747, 0.32229527831077576), Elbow: (0.8952973484992981, 0.45580756664276123), Wrist: (0.8720583319664001, 0.7440741062164307)
Angle: 237.36664351177922, Shoulder: (0.7282000184059143, 0.3257516026496887), Elbow: (0.8971647620201111, 0.4573841094970703), Wrist: (0.8704580664634705, 0.7459784746170044)
Angle: 237.9289169099909, Shoulder: (0.7280195951461792, 0.32765671610832214), Elbow: (0.8977453708648682, 0.4589237570762634), Wrist: (0.8691374659538269, 0.7482188940048218)
Angle: 238.30004975852754, Shoulder: (0.7278765439987183, 0.33001789450645447), Elbow: (0.8981150388717651, 0.46181169152259827), Wrist: (0.8675129413604736, 0.7507364153862)
Angle: 238.56482311776676, Shoulder: (0.7275356650352478, 0.3314536213874817), Elbow: (0.8981164693832397, 0.46295982599258423), Wrist: (0.8666384816169739, 0.7529740333557129)
Angle: 238.46635730306966, Shoulder: (0.7275818586349487, 0.33169764280319214), Elbow: (0.8981480598449707, 0.46456578373908997), Wrist: (0.8657946586608887, 0.7537164688110352)
Angle: 238.11715904712628, Shoulder: (0.7282252311706543, 0.33183005452156067), Elbow: (0.8981848359107971, 0.4665510058403015), Wrist: (0.8652780652046204, 0.7544865012168884)
Angle: 237.75915121016092, Shoulder: (0.7283985614776611, 0.3319885730743408), Elbow: (0.8977246284484863, 0.46796709299087524), Wrist: (0.8648784160614014, 0.7551134824752808)
Angle: 237.36570170524752, Shoulder: (0.7268077731132507, 0.33189308643341064), Elbow: (0.8957816958427429, 0.46778276562690735), Wrist: (0.864635705947876, 0.7557917833328247)
Angle: 237.39609700202186, Shoulder: (0.7247152924537659, 0.33171388506889343), Elbow: (0.8943670392036438, 0.466668963432312), Wrist: (0.8644813299179077, 0.7559781670570374)
Angle: 237.22367905344728, Shoulder: (0.7243170142173767, 0.33152130246162415), Elbow: (0.8936193585395813, 0.4663397967815399), Wrist: (0.8644112348556519, 0.7561715841293335)
Angle: 236.60549636369575, Shoulder: (0.7237973213195801, 0.3299604654312134), Elbow: (0.8919647932052612, 0.4652189612388611), Wrist: (0.8644185662269592, 0.755788266658783)
Angle: 236.19120283295413, Shoulder: (0.7222397923469543, 0.32790109515190125), Elbow: (0.8900343179702759, 0.463312566280365), Wrist: (0.8639905452728271, 0.7554152607917786)
Angle: 236.21233734912082, Shoulder: (0.7204004526138306, 0.32678553462028503), Elbow: (0.8886673450469971, 0.4613052010536194), Wrist: (0.8637202978134155, 0.7551528215408325)
Angle: 236.62396352218389, Shoulder: (0.7181212902069092, 0.3254431486129761), Elbow: (0.8882550597190857, 0.45898163318634033), Wrist: (0.8636674284934998, 0.7547322511672974)
Angle: 236.99167247321296, Shoulder: (0.7152352929115295, 0.3239987790584564), Elbow: (0.8873981237411499, 0.4563811123371124), Wrist: (0.8636691570281982, 0.7545802593231201)
Angle: 236.91419729642988, Shoulder: (0.7139939069747925, 0.3223028779029846), Elbow: (0.8865485191345215, 0.4544646441936493), Wrist: (0.863663375377655, 0.7544047832489014)
Angle: 236.87454428782263, Shoulder: (0.7137014269828796, 0.3218209445476532), Elbow: (0.885927140712738, 0.45332950353622437), Wrist: (0.8636353015899658, 0.7540646195411682)
Angle: 236.74723976826556, Shoulder: (0.7133955359458923, 0.3211861848831177), Elbow: (0.8854986429214478, 0.4528660178184509), Wrist: (0.8635656833648682, 0.7538642287254333)
Angle: 236.58532890826075, Shoulder: (0.713503360748291, 0.3205397427082062), Elbow: (0.8854036927223206, 0.4527655839920044), Wrist: (0.8635452389717102, 0.7538136839866638)
Angle: 236.31802896597725, Shoulder: (0.7141270637512207, 0.3197535276412964), Elbow: (0.8855463266372681, 0.4530687928199768), Wrist: (0.8634888529777527, 0.7540992498397827)
Angle: 236.10613214766664, Shoulder: (0.7144124507904053, 0.3190077841281891), Elbow: (0.885564923286438, 0.45315322279930115), Wrist: (0.8634769320487976, 0.7543174028396606)
Angle: 235.93403217706955, Shoulder: (0.7146787643432617, 0.31852081418037415), Elbow: (0.8856023550033569, 0.45343396067619324), Wrist: (0.8633962273597717, 0.7544775009155273)
Angle: 235.83281732262765, Shoulder: (0.7147917747497559, 0.3178580701351166), Elbow: (0.88584965467453, 0.4536217451095581), Wrist: (0.8633714318275452, 0.7546221613883972)
Angle: 235.8391123784376, Shoulder: (0.714840292930603, 0.31763026118278503), Elbow: (0.8861979246139526, 0.45392143726348877), Wrist: (0.8633674383163452, 0.7549930214881897)
Angle: 235.86608686782995, Shoulder: (0.7148804068565369, 0.3168089985847473), Elbow: (0.8868340253829956, 0.45398882031440735), Wrist: (0.8633559346199036, 0.7558094263076782)
Angle: 235.81101467893112, Shoulder: (0.7149325013160706, 0.3156295418739319), Elbow: (0.887384295463562, 0.45399177074432373), Wrist: (0.8633254170417786, 0.7561870813369751)
Angle: 235.7129291969889, Shoulder: (0.7149381637573242, 0.31458351016044617), Elbow: (0.8876243233680725, 0.45381855964660645), Wrist: (0.8633205890655518, 0.7564273476600647)
Angle: 235.7300200077231, Shoulder: (0.7149063944816589, 0.3141230344772339), Elbow: (0.8876479864120483, 0.453296035528183), Wrist: (0.8633261919021606, 0.7564195394515991)
Angle: 235.64684301284743, Shoulder: (0.7147918343544006, 0.3128105700016022), Elbow: (0.8877103924751282, 0.45248571038246155), Wrist: (0.8633862137794495, 0.7563710808753967)
Angle: 235.60023522191523, Shoulder: (0.7145932912826538, 0.31155383586883545), Elbow: (0.8878768086433411, 0.4517854154109955), Wrist: (0.8634765148162842, 0.7562404274940491)
Angle: 235.5200867050113, Shoulder: (0.7138856649398804, 0.3098059594631195), Elbow: (0.8879750370979309, 0.4511052072048187), Wrist: (0.8635333776473999, 0.7559165954589844)
Angle: 235.22859448150265, Shoulder: (0.7137343883514404, 0.3079982399940491), Elbow: (0.8879876136779785, 0.4509367346763611), Wrist: (0.8635078072547913, 0.7558349370956421)
Angle: 234.86808951213317, Shoulder: (0.7135171890258789, 0.30544835329055786), Elbow: (0.8880159258842468, 0.45052027702331543), Wrist: (0.8634240627288818, 0.7557021975517273)
Angle: 234.83749472852418, Shoulder: (0.7132065296173096, 0.3045727014541626), Elbow: (0.88804030418396, 0.45015060901641846), Wrist: (0.8633903861045837, 0.755158543586731)
Angle: 234.93784141068107, Shoulder: (0.7129302620887756, 0.3044266402721405), Elbow: (0.888055682182312, 0.4497530162334442), Wrist: (0.8633884191513062, 0.7546643614768982)
Angle: 234.99764522677026, Shoulder: (0.7129323482513428, 0.30444249510765076), Elbow: (0.8881279230117798, 0.4496133029460907), Wrist: (0.8634082078933716, 0.7539585828781128)
Angle: 235.00302432739764, Shoulder: (0.7129771709442139, 0.3043287396430969), Elbow: (0.8881862759590149, 0.4495398700237274), Wrist: (0.8634282946586609, 0.7536312341690063)
Angle: 235.12252006477473, Shoulder: (0.7129732966423035, 0.3043423593044281), Elbow: (0.8884729146957397, 0.4494266211986542), Wrist: (0.863468587398529, 0.7533774375915527)
Angle: 235.3325275564026, Shoulder: (0.7129895091056824, 0.3043674826622009), Elbow: (0.8890793323516846, 0.44939762353897095), Wrist: (0.8635314106941223, 0.7531378269195557)
Angle: 235.70865240142948, Shoulder: (0.7129112482070923, 0.3053959012031555), Elbow: (0.889473557472229, 0.4492779076099396), Wrist: (0.8635542988777161, 0.7525138854980469)
Angle: 236.18787059663225, Shoulder: (0.7122704982757568, 0.3062073290348053), Elbow: (0.8898162841796875, 0.44876551628112793), Wrist: (0.8636437058448792, 0.7509466409683228)
Angle: 236.52482033545817, Shoulder: (0.7121816873550415, 0.30649232864379883), Elbow: (0.8904969692230225, 0.4484512209892273), Wrist: (0.8639169335365295, 0.7493270635604858)
Angle: 236.74161970519904, Shoulder: (0.7120625376701355, 0.3065037131309509), Elbow: (0.8906493782997131, 0.4476550221443176), Wrist: (0.8640390038490295, 0.7479655146598816)
Angle: 236.73854890354016, Shoulder: (0.7119626998901367, 0.3055158257484436), Elbow: (0.890754759311676, 0.4468029737472534), Wrist: (0.8642957210540771, 0.7458966374397278)
Angle: 236.76479856724313, Shoulder: (0.7113739252090454, 0.30454060435295105), Elbow: (0.8907660841941833, 0.4458391070365906), Wrist: (0.8647001385688782, 0.7443389892578125)
Angle: 236.67868347483102, Shoulder: (0.7111928462982178, 0.3035977780818939), Elbow: (0.8909052014350891, 0.44518136978149414), Wrist: (0.8652967810630798, 0.7432218194007874)
Angle: 236.7477751914889, Shoulder: (0.7108352184295654, 0.30323413014411926), Elbow: (0.8909149169921875, 0.4445075988769531), Wrist: (0.8655466437339783, 0.7427307367324829)
Angle: 237.01294725927661, Shoulder: (0.7097588777542114, 0.3032582700252533), Elbow: (0.8909241557121277, 0.44394752383232117), Wrist: (0.865635335445404, 0.7422856688499451)
Angle: 237.28195731102835, Shoulder: (0.7085928916931152, 0.3033921718597412), Elbow: (0.8909147381782532, 0.443586528301239), Wrist: (0.8656378388404846, 0.7420991063117981)
Angle: 237.4557773844425, Shoulder: (0.7079312801361084, 0.3035317063331604), Elbow: (0.8909044861793518, 0.4433518648147583), Wrist: (0.865617573261261, 0.7419068217277527)
Angle: 237.4994988720238, Shoulder: (0.707756757736206, 0.30368277430534363), Elbow: (0.8908572196960449, 0.4433290362358093), Wrist: (0.8656200766563416, 0.7419087886810303)
Angle: 237.53129544087096, Shoulder: (0.7076486945152283, 0.3039689362049103), Elbow: (0.8907966017723083, 0.4434219300746918), Wrist: (0.8656274676322937, 0.7420425415039062)
Angle: 237.6515602075806, Shoulder: (0.7070831060409546, 0.30437102913856506), Elbow: (0.8907269239425659, 0.44344955682754517), Wrist: (0.8656997084617615, 0.7421652674674988)
Angle: 237.6689896242327, Shoulder: (0.7068982720375061, 0.3049745559692383), Elbow: (0.8903863430023193, 0.4434512257575989), Wrist: (0.8657753467559814, 0.7421308755874634)
Angle: 237.77375968951836, Shoulder: (0.707180380821228, 0.3061889111995697), Elbow: (0.8902363181114197, 0.4435911476612091), Wrist: (0.8658714294433594, 0.7421327233314514)
Angle: 237.78895677893837, Shoulder: (0.7080596685409546, 0.3076121509075165), Elbow: (0.8902367949485779, 0.4442445635795593), Wrist: (0.8659496307373047, 0.7422813177108765)
Angle: 237.79055339980204, Shoulder: (0.7089859843254089, 0.30907317996025085), Elbow: (0.8902860283851624, 0.44504615664482117), Wrist: (0.86602783203125, 0.7426460981369019)
Angle: 237.76544365196042, Shoulder: (0.7099817395210266, 0.3100684583187103), Elbow: (0.8904312252998352, 0.44564786553382874), Wrist: (0.8660710453987122, 0.7429283261299133)
Angle: 237.61356876211642, Shoulder: (0.7110704183578491, 0.31087425351142883), Elbow: (0.8904639482498169, 0.4464382529258728), Wrist: (0.8660789728164673, 0.7435998916625977)
Angle: 237.48753167642315, Shoulder: (0.711672842502594, 0.3113146424293518), Elbow: (0.8904991149902344, 0.4470686614513397), Wrist: (0.8661516308784485, 0.7437780499458313)
Angle: 237.47819344370615, Shoulder: (0.7118614912033081, 0.31172975897789), Elbow: (0.8905296921730042, 0.4473517835140228), Wrist: (0.8662592172622681, 0.7438705563545227)
Angle: 237.57504644026443, Shoulder: (0.7120529413223267, 0.3125578761100769), Elbow: (0.8905653357505798, 0.4474792778491974), Wrist: (0.8664173483848572, 0.7438962459564209)
Angle: 237.5859328888253, Shoulder: (0.7125045657157898, 0.31383320689201355), Elbow: (0.8906038999557495, 0.4478685259819031), Wrist: (0.8670064806938171, 0.7443549036979675)
Angle: 237.55548498590196, Shoulder: (0.7131902575492859, 0.31479817628860474), Elbow: (0.8906369209289551, 0.4481562376022339), Wrist: (0.8673908710479736, 0.7447317242622375)
Angle: 237.49526397943325, Shoulder: (0.7141153812408447, 0.31561988592147827), Elbow: (0.8907135725021362, 0.4485365152359009), Wrist: (0.8675758838653564, 0.7450286149978638)
Angle: 237.40619751574974, Shoulder: (0.7150779366493225, 0.31593868136405945), Elbow: (0.8908212780952454, 0.4486740529537201), Wrist: (0.8676382303237915, 0.7452805638313293)
Angle: 237.256864031418, Shoulder: (0.7161293625831604, 0.3163827061653137), Elbow: (0.8908281922340393, 0.4489036202430725), Wrist: (0.867807924747467, 0.7453963160514832)
Angle: 236.96192687345024, Shoulder: (0.7175217270851135, 0.31700804829597473), Elbow: (0.8908525109291077, 0.44988876581192017), Wrist: (0.867820680141449, 0.7467207908630371)
Angle: 236.62600376613088, Shoulder: (0.718631386756897, 0.3173578977584839), Elbow: (0.8908607959747314, 0.4510011076927185), Wrist: (0.8678102493286133, 0.748125433921814)
Angle: 236.26648829306748, Shoulder: (0.7193710803985596, 0.3178195059299469), Elbow: (0.8908699750900269, 0.452875018119812), Wrist: (0.8675235509872437, 0.7503859400749207)
Angle: 235.85595872197965, Shoulder: (0.7202065587043762, 0.3181002736091614), Elbow: (0.8908976316452026, 0.4548548460006714), Wrist: (0.8672098517417908, 0.7520543336868286)
Angle: 235.69016432879462, Shoulder: (0.7210856080055237, 0.31894543766975403), Elbow: (0.8909037709236145, 0.4560253620147705), Wrist: (0.8669888377189636, 0.753183126449585)
Angle: 235.3805877848077, Shoulder: (0.7219018936157227, 0.3191295266151428), Elbow: (0.8909438848495483, 0.4571877717971802), Wrist: (0.8669864535331726, 0.7536923885345459)
Angle: 235.14581385863133, Shoulder: (0.7225592136383057, 0.3193725049495697), Elbow: (0.8909957408905029, 0.4582096040248871), Wrist: (0.8669832944869995, 0.7538461685180664)
Angle: 235.0235116056975, Shoulder: (0.7229740023612976, 0.31952524185180664), Elbow: (0.8910064697265625, 0.4586327373981476), Wrist: (0.8670288920402527, 0.7538397908210754)
Angle: 234.98945789000942, Shoulder: (0.7232666611671448, 0.3197890520095825), Elbow: (0.8909120559692383, 0.45866432785987854), Wrist: (0.8670235872268677, 0.7538064122200012)
Angle: 234.95371804843703, Shoulder: (0.7233181595802307, 0.32002443075180054), Elbow: (0.8907111883163452, 0.45869454741477966), Wrist: (0.8670133352279663, 0.7537193894386292)
Angle: 234.91302846294917, Shoulder: (0.7233869433403015, 0.3203149437904358), Elbow: (0.8905181884765625, 0.45887070894241333), Wrist: (0.8669503927230835, 0.7535558938980103)
Angle: 234.72891358311307, Shoulder: (0.7233459949493408, 0.3205048143863678), Elbow: (0.8898637890815735, 0.4589097797870636), Wrist: (0.866879940032959, 0.7534888982772827)
Angle: 234.563183939936, Shoulder: (0.7230279445648193, 0.320610910654068), Elbow: (0.8891098499298096, 0.45889320969581604), Wrist: (0.8667347431182861, 0.7534157633781433)
Angle: 234.47232689680845, Shoulder: (0.7228409647941589, 0.32062938809394836), Elbow: (0.8886670470237732, 0.45885637402534485), Wrist: (0.866595983505249, 0.7533707618713379)
Angle: 234.5372938084187, Shoulder: (0.722411036491394, 0.3209564983844757), Elbow: (0.888357937335968, 0.4588119387626648), Wrist: (0.8664501905441284, 0.7533109188079834)
Angle: 234.6813791252306, Shoulder: (0.7222697138786316, 0.3215222954750061), Elbow: (0.8882567882537842, 0.4588087797164917), Wrist: (0.8662347197532654, 0.753395676612854)
Angle: 234.83659999934338, Shoulder: (0.7221867442131042, 0.32211044430732727), Elbow: (0.8882628679275513, 0.45883893966674805), Wrist: (0.8660712242126465, 0.7539218664169312)
Angle: 235.22686930467927, Shoulder: (0.7216423749923706, 0.32321831583976746), Elbow: (0.888247013092041, 0.45882004499435425), Wrist: (0.8656471371650696, 0.7545918822288513)
Angle: 235.60787209096236, Shoulder: (0.721611738204956, 0.32462382316589355), Elbow: (0.8883695006370544, 0.45912548899650574), Wrist: (0.8650696277618408, 0.7554132342338562)
Angle: 235.94839529813433, Shoulder: (0.7216039896011353, 0.3259506821632385), Elbow: (0.8885878920555115, 0.4594874978065491), Wrist: (0.8647352457046509, 0.7560984492301941)
Angle: 236.33422842018078, Shoulder: (0.7215811014175415, 0.3272557556629181), Elbow: (0.8889124393463135, 0.4599030315876007), Wrist: (0.8642668128013611, 0.7572034001350403)
Angle: 236.54023030891713, Shoulder: (0.7215714454650879, 0.3280283510684967), Elbow: (0.8891289830207825, 0.4604591429233551), Wrist: (0.8638014197349548, 0.7582331299781799)
Angle: 236.75176916633237, Shoulder: (0.721489429473877, 0.32877758145332336), Elbow: (0.8892470002174377, 0.46085259318351746), Wrist: (0.863357424736023, 0.7588673830032349)
Angle: 236.82384575012256, Shoulder: (0.7214769124984741, 0.32922106981277466), Elbow: (0.8892653584480286, 0.4612298607826233), Wrist: (0.863088846206665, 0.7593497633934021)
Angle: 236.85893086249683, Shoulder: (0.7214686274528503, 0.32934412360191345), Elbow: (0.889298141002655, 0.46138590574264526), Wrist: (0.8629323244094849, 0.7595576047897339)
Angle: 236.8613677014782, Shoulder: (0.7213963866233826, 0.3293648958206177), Elbow: (0.8892567753791809, 0.4613949656486511), Wrist: (0.8629085421562195, 0.7596736550331116)
Angle: 236.84674743834157, Shoulder: (0.7213867902755737, 0.329409658908844), Elbow: (0.8892605304718018, 0.46155911684036255), Wrist: (0.8628639578819275, 0.759890079498291)
Angle: 236.9565591550606, Shoulder: (0.7213234305381775, 0.3294128477573395), Elbow: (0.8895624279975891, 0.4616433382034302), Wrist: (0.8628124594688416, 0.7600311040878296)
Angle: 237.01092045258983, Shoulder: (0.721121609210968, 0.3294145166873932), Elbow: (0.8895658850669861, 0.4616604745388031), Wrist: (0.8626655340194702, 0.7603378295898438)
Angle: 237.06898618205278, Shoulder: (0.7209855914115906, 0.32931599020957947), Elbow: (0.8895678520202637, 0.4614802896976471), Wrist: (0.8625459671020508, 0.7604501247406006)
Angle: 237.02447285666503, Shoulder: (0.7209030389785767, 0.3290258049964905), Elbow: (0.8895145654678345, 0.46146395802497864), Wrist: (0.862428605556488, 0.7606619000434875)
Angle: 236.89654834969883, Shoulder: (0.7208939790725708, 0.3285856544971466), Elbow: (0.8894525766372681, 0.4617128074169159), Wrist: (0.8622228503227234, 0.7610248923301697)
Angle: 236.83240682344396, Shoulder: (0.720988929271698, 0.3282231092453003), Elbow: (0.8894389271736145, 0.46176499128341675), Wrist: (0.8619667887687683, 0.7613914608955383)
Angle: 236.72086034514103, Shoulder: (0.7211979031562805, 0.3282186985015869), Elbow: (0.8894266486167908, 0.46218162775039673), Wrist: (0.8619043231010437, 0.7616093754768372)
Angle: 236.67487518110144, Shoulder: (0.7212948799133301, 0.32848161458969116), Elbow: (0.8894708156585693, 0.4626874625682831), Wrist: (0.8618918657302856, 0.7619645595550537)
Angle: 236.62927240477038, Shoulder: (0.7213517427444458, 0.32875850796699524), Elbow: (0.8896321058273315, 0.46346426010131836), Wrist: (0.8618801236152649, 0.7622819542884827)
Angle: 236.7493748909613, Shoulder: (0.7213741540908813, 0.3287775218486786), Elbow: (0.8901020884513855, 0.46374183893203735), Wrist: (0.8617985844612122, 0.762857973575592)
Angle: 236.87701160843403, Shoulder: (0.7213740944862366, 0.3288576304912567), Elbow: (0.8904138803482056, 0.46376508474349976), Wrist: (0.8617369532585144, 0.7632454037666321)
Angle: 236.960163545347, Shoulder: (0.7213674783706665, 0.32884615659713745), Elbow: (0.890670120716095, 0.46381479501724243), Wrist: (0.8616834878921509, 0.7636383771896362)
Angle: 237.12480507933552, Shoulder: (0.7213786244392395, 0.3288721740245819), Elbow: (0.8911269307136536, 0.46388790011405945), Wrist: (0.8615869283676147, 0.7639137506484985)
Angle: 237.14432793377074, Shoulder: (0.7215520143508911, 0.32887768745422363), Elbow: (0.8913591504096985, 0.4642138183116913), Wrist: (0.8614197969436646, 0.764212965965271)
Angle: 237.2459818400526, Shoulder: (0.7215511798858643, 0.32887527346611023), Elbow: (0.8916001915931702, 0.46423086524009705), Wrist: (0.861296534538269, 0.7643849849700928)
Angle: 237.32321230805437, Shoulder: (0.7214826345443726, 0.328902006149292), Elbow: (0.8917571306228638, 0.46425551176071167), Wrist: (0.861237645149231, 0.7644600868225098)
Angle: 237.39760574301434, Shoulder: (0.7214459180831909, 0.32908138632774353), Elbow: (0.891970157623291, 0.46453458070755005), Wrist: (0.8611766695976257, 0.764621376991272)
Angle: 237.3701303232629, Shoulder: (0.7214455604553223, 0.3290862739086151), Elbow: (0.8920074105262756, 0.46476906538009644), Wrist: (0.8611637353897095, 0.764642059803009)
Angle: 237.3721137106465, Shoulder: (0.7214454412460327, 0.32912757992744446), Elbow: (0.8920366764068604, 0.46486523747444153), Wrist: (0.8611553907394409, 0.7646689414978027)
Angle: 237.36739228811317, Shoulder: (0.7212939858436584, 0.32912755012512207), Elbow: (0.8920481204986572, 0.46507400274276733), Wrist: (0.8611266016960144, 0.7646760940551758)
Angle: 237.4175875083454, Shoulder: (0.7207398414611816, 0.32909584045410156), Elbow: (0.8920442461967468, 0.4653104543685913), Wrist: (0.8610638976097107, 0.7646950483322144)
Angle: 237.21407967454422, Shoulder: (0.720565676689148, 0.3282603323459625), Elbow: (0.8920212388038635, 0.46559134125709534), Wrist: (0.8610506653785706, 0.764888346195221)
Angle: 237.0368899781714, Shoulder: (0.7206217050552368, 0.32802197337150574), Elbow: (0.8921220898628235, 0.46640175580978394), Wrist: (0.8610045313835144, 0.7656725645065308)
Angle: 236.87431036835318, Shoulder: (0.7206195592880249, 0.32778221368789673), Elbow: (0.8921937942504883, 0.46710216999053955), Wrist: (0.8609520196914673, 0.7668007016181946)
Angle: 236.62262823647043, Shoulder: (0.7206385731697083, 0.32720470428466797), Elbow: (0.8921998143196106, 0.46768733859062195), Wrist: (0.8609257340431213, 0.7685279250144958)
Angle: 236.41618827558568, Shoulder: (0.721030056476593, 0.3272024989128113), Elbow: (0.892483115196228, 0.4688407778739929), Wrist: (0.8608812093734741, 0.7707047462463379)
Angle: 236.1919933138239, Shoulder: (0.7214467525482178, 0.3270684480667114), Elbow: (0.8926745057106018, 0.4698173403739929), Wrist: (0.8608656525611877, 0.7719899415969849)
Angle: 236.06404146331948, Shoulder: (0.7215954661369324, 0.327070415019989), Elbow: (0.892802894115448, 0.47061067819595337), Wrist: (0.8608631491661072, 0.772444486618042)
Angle: 236.0148151313676, Shoulder: (0.7220686674118042, 0.3270069658756256), Elbow: (0.8931886553764343, 0.4710583984851837), Wrist: (0.8609397411346436, 0.7725201845169067)
Angle: 236.0421579294039, Shoulder: (0.7220783233642578, 0.3269921541213989), Elbow: (0.8936891555786133, 0.47157517075538635), Wrist: (0.8612188100814819, 0.7725996971130371)
Angle: 235.93934099849596, Shoulder: (0.7221840620040894, 0.32698798179626465), Elbow: (0.8942153453826904, 0.4723987281322479), Wrist: (0.8618865609169006, 0.7726371884346008)
Angle: 235.74827338806128, Shoulder: (0.7224209308624268, 0.32695457339286804), Elbow: (0.8945350646972656, 0.47280219197273254), Wrist: (0.862899124622345, 0.7724974751472473)
Angle: 235.37592486677278, Shoulder: (0.7228148579597473, 0.32625171542167664), Elbow: (0.8946547508239746, 0.4729253947734833), Wrist: (0.8639363050460815, 0.772313117980957)
Angle: 235.0459364882098, Shoulder: (0.7231747508049011, 0.3254227042198181), Elbow: (0.8947951793670654, 0.4731745421886444), Wrist: (0.8645761609077454, 0.7721372842788696)
Angle: 234.7454551064792, Shoulder: (0.7235015034675598, 0.3247295916080475), Elbow: (0.8948417901992798, 0.47348371148109436), Wrist: (0.8650050163269043, 0.7719194889068604)
Angle: 234.461763179181, Shoulder: (0.7244488596916199, 0.3242455720901489), Elbow: (0.8950168490409851, 0.47382715344429016), Wrist: (0.865222692489624, 0.7717325091362)
Angle: 234.33175502674248, Shoulder: (0.7249523401260376, 0.3241221606731415), Elbow: (0.8950616717338562, 0.4739454388618469), Wrist: (0.8653523325920105, 0.7714032530784607)
Angle: 234.30754543814118, Shoulder: (0.7250704765319824, 0.32407042384147644), Elbow: (0.8950774669647217, 0.4739599823951721), Wrist: (0.865348219871521, 0.7713303565979004)
Angle: 234.3209433251726, Shoulder: (0.7251120209693909, 0.3240816295146942), Elbow: (0.8950887322425842, 0.47397926449775696), Wrist: (0.8652825355529785, 0.7710720300674438)
Angle: 234.42950314032126, Shoulder: (0.7251315712928772, 0.32418033480644226), Elbow: (0.8951093554496765, 0.4739789366722107), Wrist: (0.8648466467857361, 0.7709459066390991)
Angle: 234.55855240844997, Shoulder: (0.725123941898346, 0.32437536120414734), Elbow: (0.8951258659362793, 0.47389429807662964), Wrist: (0.8645114302635193, 0.770619809627533)
Angle: 234.60565155871194, Shoulder: (0.725257933139801, 0.32452675700187683), Elbow: (0.8952078223228455, 0.47390294075012207), Wrist: (0.8644838333129883, 0.7702383399009705)
Angle: 234.65654050848013, Shoulder: (0.7254695892333984, 0.3246772885322571), Elbow: (0.8953896760940552, 0.47398629784584045), Wrist: (0.8644772171974182, 0.7699691653251648)
Angle: 234.6644140960306, Shoulder: (0.7256978154182434, 0.3246949017047882), Elbow: (0.8955498337745667, 0.47403594851493835), Wrist: (0.864538311958313, 0.7697009444236755)
Angle: 234.65981313472847, Shoulder: (0.7260706424713135, 0.3247106671333313), Elbow: (0.8957850337028503, 0.47414395213127136), Wrist: (0.8646290898323059, 0.7693987488746643)
Angle: 234.92178532471465, Shoulder: (0.7261063456535339, 0.3254837691783905), Elbow: (0.8961091637611389, 0.4741166830062866), Wrist: (0.8646973371505737, 0.7687803506851196)
Angle: 235.21421899504386, Shoulder: (0.7261326909065247, 0.3263895809650421), Elbow: (0.896483302116394, 0.4741107225418091), Wrist: (0.8648162484169006, 0.768253743648529)
Angle: 235.43465459391632, Shoulder: (0.7261765003204346, 0.3273259401321411), Elbow: (0.8967112302780151, 0.47412464022636414), Wrist: (0.8649949431419373, 0.7681335210800171)
Angle: 235.59013741305762, Shoulder: (0.7263256907463074, 0.32819363474845886), Elbow: (0.8968716859817505, 0.4741746783256531), Wrist: (0.8652013540267944, 0.7679764628410339)
Angle: 235.724819172196, Shoulder: (0.7263146042823792, 0.32851842045783997), Elbow: (0.8970906734466553, 0.4741622507572174), Wrist: (0.8652859330177307, 0.7677158117294312)
Angle: 235.7580686211389, Shoulder: (0.7263193130493164, 0.328561931848526), Elbow: (0.8971535563468933, 0.4740099310874939), Wrist: (0.8654438853263855, 0.7673764824867249)
Angle: 235.76424037581307, Shoulder: (0.7263203859329224, 0.32854846119880676), Elbow: (0.897165834903717, 0.47383400797843933), Wrist: (0.8656066060066223, 0.7671158909797668)
Angle: 235.8516445117311, Shoulder: (0.7261236906051636, 0.3288087844848633), Elbow: (0.8971868753433228, 0.47378894686698914), Wrist: (0.8656869530677795, 0.7669082880020142)
Angle: 235.97889090323378, Shoulder: (0.7258592844009399, 0.3291991055011749), Elbow: (0.8972021341323853, 0.473739355802536), Wrist: (0.8657416701316833, 0.7667199969291687)
Angle: 235.96110375174624, Shoulder: (0.7263235449790955, 0.3297727108001709), Elbow: (0.8971903920173645, 0.4738296866416931), Wrist: (0.865842878818512, 0.7673898339271545)
Angle: 235.96195066950452, Shoulder: (0.7264228463172913, 0.33037900924682617), Elbow: (0.8972129821777344, 0.47436442971229553), Wrist: (0.8658849596977234, 0.7677664160728455)
Angle: 236.02185423697864, Shoulder: (0.7264265418052673, 0.33093008399009705), Elbow: (0.8972295522689819, 0.47460317611694336), Wrist: (0.8658920526504517, 0.7682651281356812)
Angle: 236.0833644617089, Shoulder: (0.726448655128479, 0.3315146267414093), Elbow: (0.8973033428192139, 0.47494375705718994), Wrist: (0.8658996224403381, 0.7689823508262634)
Angle: 236.35500953153303, Shoulder: (0.7263566851615906, 0.33313679695129395), Elbow: (0.8973140120506287, 0.4753003716468811), Wrist: (0.8658788800239563, 0.7693967223167419)
Angle: 236.64250323641068, Shoulder: (0.726065993309021, 0.3345043957233429), Elbow: (0.8973217010498047, 0.47544723749160767), Wrist: (0.8659107685089111, 0.7695239782333374)
Angle: 236.73793546266785, Shoulder: (0.7260375618934631, 0.33590662479400635), Elbow: (0.8973280191421509, 0.476378470659256), Wrist: (0.8659949898719788, 0.7699364423751831)
Angle: 236.74950632867777, Shoulder: (0.7260351181030273, 0.33659490942955017), Elbow: (0.8974375128746033, 0.4771246910095215), Wrist: (0.8661084175109863, 0.7704128623008728)
Angle: 236.76161651746293, Shoulder: (0.7264618277549744, 0.33742755651474), Elbow: (0.8977116942405701, 0.4780300557613373), Wrist: (0.8661439418792725, 0.771050751209259)
Angle: 236.7975236967584, Shoulder: (0.7266380190849304, 0.33831658959388733), Elbow: (0.8977568745613098, 0.47867175936698914), Wrist: (0.8661510348320007, 0.7716646194458008)
Angle: 237.00078057393281, Shoulder: (0.7266846299171448, 0.33957260847091675), Elbow: (0.8979899883270264, 0.4793061912059784), Wrist: (0.8661453723907471, 0.7722091674804688)
Angle: 237.29789905102803, Shoulder: (0.7266935110092163, 0.34143397212028503), Elbow: (0.8980726599693298, 0.47991320490837097), Wrist: (0.8660855293273926, 0.7725946307182312)
Angle: 237.23031186232697, Shoulder: (0.7270070910453796, 0.3417810797691345), Elbow: (0.8982410430908203, 0.480620801448822), Wrist: (0.8661138415336609, 0.7732122540473938)
Angle: 237.41314522679954, Shoulder: (0.7271683216094971, 0.3427872955799103), Elbow: (0.8984490036964417, 0.4809496998786926), Wrist: (0.8661280274391174, 0.7735084295272827)
Angle: 237.7081034144344, Shoulder: (0.7272130846977234, 0.34419944882392883), Elbow: (0.8985775113105774, 0.4810715615749359), Wrist: (0.8661681413650513, 0.7735485434532166)
Angle: 237.72786920376794, Shoulder: (0.7275025248527527, 0.3451210558414459), Elbow: (0.8987720608711243, 0.4819479286670685), Wrist: (0.8662065267562866, 0.7746206521987915)
Angle: 237.58421478381845, Shoulder: (0.7287786602973938, 0.3460026979446411), Elbow: (0.8990786671638489, 0.4829213321208954), Wrist: (0.8663070201873779, 0.7758731245994568)
Angle: 237.4580565294478, Shoulder: (0.7298823595046997, 0.34673282504081726), Elbow: (0.8994213342666626, 0.4839247763156891), Wrist: (0.8663363456726074, 0.7771263122558594)
Angle: 237.3885929910517, Shoulder: (0.7304254770278931, 0.3470483720302582), Elbow: (0.8997033834457397, 0.4844679832458496), Wrist: (0.866470456123352, 0.7780516743659973)
Angle: 237.3503683603022, Shoulder: (0.7306451201438904, 0.34718525409698486), Elbow: (0.8999840021133423, 0.48485106229782104), Wrist: (0.8666624426841736, 0.7791318893432617)
Angle: 237.42930210406752, Shoulder: (0.7306416034698486, 0.3476444482803345), Elbow: (0.9000005125999451, 0.48489412665367126), Wrist: (0.8667177557945251, 0.7792575359344482)
Angle: 237.37651227508107, Shoulder: (0.7307543754577637, 0.3477371335029602), Elbow: (0.9000213146209717, 0.4849584698677063), Wrist: (0.866935133934021, 0.7795799970626831)
Angle: 237.3299853460489, Shoulder: (0.7307789921760559, 0.34776318073272705), Elbow: (0.9000341892242432, 0.48494860529899597), Wrist: (0.8672181367874146, 0.7795717716217041)
Angle: 237.32914555206744, Shoulder: (0.7307567596435547, 0.3478837311267853), Elbow: (0.9000468850135803, 0.48492372035980225), Wrist: (0.8674192428588867, 0.7795540690422058)
Angle: 237.3237632923493, Shoulder: (0.7307540774345398, 0.3479470908641815), Elbow: (0.9000570178031921, 0.4848666787147522), Wrist: (0.8676022887229919, 0.779445469379425)
Angle: 237.3473415686267, Shoulder: (0.7307511568069458, 0.3480754494667053), Elbow: (0.9000647068023682, 0.4848049581050873), Wrist: (0.8676974773406982, 0.7793967127799988)
Angle: 237.37338331359422, Shoulder: (0.7305894494056702, 0.3482397496700287), Elbow: (0.8999801874160767, 0.48480021953582764), Wrist: (0.8677242398262024, 0.7793906927108765)
Angle: 237.37391735317743, Shoulder: (0.7304632067680359, 0.34830954670906067), Elbow: (0.8998889327049255, 0.48480769991874695), Wrist: (0.8677287697792053, 0.7793798446655273)
Angle: 237.57012203999892, Shoulder: (0.7301141023635864, 0.34893569350242615), Elbow: (0.8998839855194092, 0.48471733927726746), Wrist: (0.8677617907524109, 0.77931147813797)
Angle: 237.7282634067108, Shoulder: (0.7297471761703491, 0.3493976294994354), Elbow: (0.8998813033103943, 0.48465847969055176), Wrist: (0.8678041100502014, 0.7792715430259705)
Angle: 237.84960642520926, Shoulder: (0.7294490933418274, 0.3496142625808716), Elbow: (0.8998950719833374, 0.4845292866230011), Wrist: (0.867807924747467, 0.779289186000824)
Angle: 237.90400340238864, Shoulder: (0.7293923497200012, 0.3496226966381073), Elbow: (0.8999378681182861, 0.4843687415122986), Wrist: (0.8678164482116699, 0.7792910933494568)
Angle: 237.976236476771, Shoulder: (0.7293552160263062, 0.34969693422317505), Elbow: (0.8999933004379272, 0.4841952323913574), Wrist: (0.8678242564201355, 0.7792755365371704)
Angle: 238.02432690913443, Shoulder: (0.7293428778648376, 0.34973448514938354), Elbow: (0.9000407457351685, 0.4840737283229828), Wrist: (0.8678302764892578, 0.7792767286300659)
Angle: 237.96728635565717, Shoulder: (0.7293502688407898, 0.34958821535110474), Elbow: (0.9000107645988464, 0.4840637147426605), Wrist: (0.8679254055023193, 0.7792049646377563)
Angle: 237.92326264857397, Shoulder: (0.7293455004692078, 0.349514901638031), Elbow: (0.8999898433685303, 0.4840129017829895), Wrist: (0.8681197166442871, 0.7789337038993835)
Angle: 237.9129504919788, Shoulder: (0.7293145060539246, 0.34959328174591064), Elbow: (0.8999898433685303, 0.4841063320636749), Wrist: (0.8681933283805847, 0.7789362668991089)
Angle: 237.8964979377734, Shoulder: (0.729285478591919, 0.34966617822647095), Elbow: (0.8999421000480652, 0.48409342765808105), Wrist: (0.8683134913444519, 0.7788706421852112)
Angle: 237.92788106762, Shoulder: (0.7289448976516724, 0.34967315196990967), Elbow: (0.8998672366142273, 0.48400187492370605), Wrist: (0.8684055209159851, 0.7787927389144897)
Angle: 237.96218269289497, Shoulder: (0.7288298606872559, 0.34988802671432495), Elbow: (0.899782121181488, 0.48398974537849426), Wrist: (0.8684366941452026, 0.778550386428833)
Angle: 238.0279817180292, Shoulder: (0.7287327647209167, 0.35014936327934265), Elbow: (0.8997805714607239, 0.48426538705825806), Wrist: (0.8681698441505432, 0.7787194848060608)
Angle: 238.0301326498939, Shoulder: (0.7287241816520691, 0.3501550555229187), Elbow: (0.8997546434402466, 0.48445624113082886), Wrist: (0.8679322004318237, 0.7787834405899048)
Angle: 237.97902877720745, Shoulder: (0.7287185788154602, 0.349963903427124), Elbow: (0.8996384143829346, 0.48445481061935425), Wrist: (0.8677914142608643, 0.7787109613418579)
Angle: 238.0255800228073, Shoulder: (0.7284983992576599, 0.3499670922756195), Elbow: (0.8995754718780518, 0.4844444692134857), Wrist: (0.8676954507827759, 0.7781360149383545)
Angle: 238.00174831373022, Shoulder: (0.7284929156303406, 0.34981563687324524), Elbow: (0.8994649052619934, 0.4843956530094147), Wrist: (0.8675199151039124, 0.777992308139801)
Angle: 238.0889137606563, Shoulder: (0.7282068729400635, 0.34990549087524414), Elbow: (0.8994705677032471, 0.4843859374523163), Wrist: (0.8674548864364624, 0.7777226567268372)
Angle: 238.21002380097195, Shoulder: (0.7281495332717896, 0.35007745027542114), Elbow: (0.8995407223701477, 0.48421216011047363), Wrist: (0.8674571514129639, 0.7768074870109558)
Angle: 238.21280831527565, Shoulder: (0.728184163570404, 0.34998688101768494), Elbow: (0.8995599150657654, 0.48417553305625916), Wrist: (0.8674115538597107, 0.7765858769416809)
Angle: 238.11826998837137, Shoulder: (0.7282906770706177, 0.3495537340641022), Elbow: (0.8995584845542908, 0.4841691851615906), Wrist: (0.8673515915870667, 0.7765786647796631)
Angle: 238.26166019340326, Shoulder: (0.728158175945282, 0.3496752977371216), Elbow: (0.8995571732521057, 0.483735054731369), Wrist: (0.8672577738761902, 0.7766552567481995)
Angle: 238.37988267026583, Shoulder: (0.7280813455581665, 0.3496037423610687), Elbow: (0.8994343876838684, 0.4829462170600891), Wrist: (0.8671697378158569, 0.7766522765159607)
Angle: 238.4891582196072, Shoulder: (0.7279794812202454, 0.34955379366874695), Elbow: (0.8994353413581848, 0.48239967226982117), Wrist: (0.8671659231185913, 0.7766664028167725)
Angle: 238.4705898236047, Shoulder: (0.7279879450798035, 0.3490905165672302), Elbow: (0.8995152115821838, 0.48212069272994995), Wrist: (0.8671470284461975, 0.7768920063972473)
Angle: 238.5048831102817, Shoulder: (0.7280926704406738, 0.34878337383270264), Elbow: (0.89982008934021, 0.48201829195022583), Wrist: (0.8671620488166809, 0.7773102521896362)
Angle: 238.66087298686776, Shoulder: (0.7281872630119324, 0.34892353415489197), Elbow: (0.9001349806785583, 0.4817785918712616), Wrist: (0.8672003746032715, 0.777621865272522)
Angle: 238.8290936960095, Shoulder: (0.7282974720001221, 0.3491259515285492), Elbow: (0.9003976583480835, 0.48134541511535645), Wrist: (0.8673503398895264, 0.7776918411254883)
Angle: 238.86864284396566, Shoulder: (0.7288441061973572, 0.3492951989173889), Elbow: (0.9004858136177063, 0.4807739555835724), Wrist: (0.8676044940948486, 0.7776111364364624)
Angle: 238.88133609808423, Shoulder: (0.7295787930488586, 0.34938809275627136), Elbow: (0.9006369709968567, 0.48017993569374084), Wrist: (0.8679255843162537, 0.7772829532623291)
Angle: 238.8626632844529, Shoulder: (0.7299259305000305, 0.34895750880241394), Elbow: (0.9006542563438416, 0.4793592095375061), Wrist: (0.8681604862213135, 0.7767710089683533)
Angle: 238.69645486082194, Shoulder: (0.7300211191177368, 0.3476272225379944), Elbow: (0.9006549119949341, 0.4786674380302429), Wrist: (0.8682007193565369, 0.7764772176742554)
Angle: 238.15812141865206, Shoulder: (0.7300857901573181, 0.3449263870716095), Elbow: (0.9006739258766174, 0.4784162640571594), Wrist: (0.8682829737663269, 0.7764699459075928)
Angle: 237.75266435090649, Shoulder: (0.7299809455871582, 0.342549204826355), Elbow: (0.900698184967041, 0.47805914282798767), Wrist: (0.8683063983917236, 0.7765169739723206)
Angle: 237.3505212052911, Shoulder: (0.7299562096595764, 0.3405103385448456), Elbow: (0.9006571173667908, 0.47793054580688477), Wrist: (0.8682940006256104, 0.7765271663665771)
Angle: 237.2010011505717, Shoulder: (0.7297070026397705, 0.3392755091190338), Elbow: (0.9006596207618713, 0.4776008129119873), Wrist: (0.8682956099510193, 0.7765443325042725)
Angle: 237.2282754581893, Shoulder: (0.7291174530982971, 0.33871424198150635), Elbow: (0.9006469249725342, 0.4773411750793457), Wrist: (0.8682716488838196, 0.776685357093811)
Angle: 237.41220546779968, Shoulder: (0.7278006076812744, 0.3382132947444916), Elbow: (0.9005783200263977, 0.47684207558631897), Wrist: (0.868241012096405, 0.7767477035522461)
Angle: 237.51976613933275, Shoulder: (0.7270478010177612, 0.337826132774353), Elbow: (0.9005072116851807, 0.47636497020721436), Wrist: (0.8682304620742798, 0.7767247557640076)
Angle: 237.75829835649276, Shoulder: (0.7261410355567932, 0.33765172958374023), Elbow: (0.9005038738250732, 0.47565460205078125), Wrist: (0.8682284355163574, 0.7767265439033508)
Angle: 238.20349694973467, Shoulder: (0.7238460183143616, 0.33724549412727356), Elbow: (0.90040522813797, 0.4746032655239105), Wrist: (0.8681988716125488, 0.7766970992088318)
Angle: 238.2201532016905, Shoulder: (0.7234057784080505, 0.33719396591186523), Elbow: (0.9002246856689453, 0.4745665192604065), Wrist: (0.868198812007904, 0.7760236859321594)
Angle: 238.3232333540653, Shoulder: (0.7229064106941223, 0.33770260214805603), Elbow: (0.8999320268630981, 0.474519819021225), Wrist: (0.8681918978691101, 0.7753715515136719)
Angle: 238.45605066895334, Shoulder: (0.7223075032234192, 0.3382897973060608), Elbow: (0.8996544480323792, 0.4744679629802704), Wrist: (0.8682217597961426, 0.7747713923454285)
Angle: 238.85179334600684, Shoulder: (0.7223334908485413, 0.33828747272491455), Elbow: (0.8994922637939453, 0.47194239497184753), Wrist: (0.8685380220413208, 0.7723005414009094)
Angle: 238.95010756093583, Shoulder: (0.722408652305603, 0.33824968338012695), Elbow: (0.8994872570037842, 0.47145238518714905), Wrist: (0.868563175201416, 0.7706242203712463)
Angle: 238.95689078990503, Shoulder: (0.7225275039672852, 0.33815547823905945), Elbow: (0.8994985222816467, 0.47137853503227234), Wrist: (0.8685711622238159, 0.7691733241081238)
Angle: 239.1888522076641, Shoulder: (0.7225271463394165, 0.3380191922187805), Elbow: (0.8996233940124512, 0.47038617730140686), Wrist: (0.868623673915863, 0.7671031355857849)
Angle: 238.83113766149424, Shoulder: (0.7224748730659485, 0.337738573551178), Elbow: (0.899558424949646, 0.47031012177467346), Wrist: (0.8704632520675659, 0.7643465399742126)
Angle: 238.4992549472944, Shoulder: (0.7224282622337341, 0.3374681770801544), Elbow: (0.8993377685546875, 0.4703933596611023), Wrist: (0.8714625239372253, 0.764215350151062)
Angle: 238.06034271746782, Shoulder: (0.7223879098892212, 0.33727866411209106), Elbow: (0.8984919190406799, 0.47050940990448), Wrist: (0.8719565868377686, 0.7638124227523804)
Angle: 237.81528842701687, Shoulder: (0.7223635315895081, 0.33746635913848877), Elbow: (0.8980214595794678, 0.4709577262401581), Wrist: (0.8722518086433411, 0.7626717686653137)
Angle: 238.18415846080202, Shoulder: (0.7223244309425354, 0.340423583984375), Elbow: (0.8980169892311096, 0.47223666310310364), Wrist: (0.8722856640815735, 0.762658953666687)
Angle: 238.08467414868932, Shoulder: (0.7223590016365051, 0.341411292552948), Elbow: (0.8980162739753723, 0.47330302000045776), Wrist: (0.8727127909660339, 0.7633618116378784)
Angle: 237.97698680677706, Shoulder: (0.7223973274230957, 0.34144142270088196), Elbow: (0.8982422947883606, 0.47403237223625183), Wrist: (0.8728255033493042, 0.7648938298225403)
Angle: 237.86865755826656, Shoulder: (0.7221397757530212, 0.3410005569458008), Elbow: (0.8981881737709045, 0.47407373785972595), Wrist: (0.8729481101036072, 0.7652661800384521)
Angle: 238.00745707252602, Shoulder: (0.7218748927116394, 0.3409799337387085), Elbow: (0.8989989161491394, 0.47427666187286377), Wrist: (0.8732904195785522, 0.7698389887809753)
Angle: 237.79647649795825, Shoulder: (0.7215807437896729, 0.3407597243785858), Elbow: (0.8996673226356506, 0.4747999906539917), Wrist: (0.8749582767486572, 0.771278440952301)
Angle: 238.1854821871889, Shoulder: (0.7214533686637878, 0.34181398153305054), Elbow: (0.9008674025535583, 0.47537171840667725), Wrist: (0.8757026791572571, 0.7719539999961853)
Angle: 237.83663334300752, Shoulder: (0.7236106395721436, 0.3419916033744812), Elbow: (0.9013813734054565, 0.47537824511528015), Wrist: (0.8768947720527649, 0.7720342874526978)
